,1,2,3,4,5,6
0,"Meet at the Dillon Drive entrance, West Side","Group name:
Bayonne Women's Walking/Hiking Group ‚Ä¢ Bayonne, NJ","TUE, MAY 17 ¬∑ 2:00 PM UTC+2",1 attendee,No place left,https://www.meetup.com/bayonne-walking-meetup-group/events/285932271
1,CryptoMondays & DGH Events Networking After Party at The Security Token Summit,"Group name:
CryptoMondays NYC ‚Ä¢ New York, NY","TUE, MAY 17 ¬∑ 12:00 AM UTC+2",300 attendees,No place left,https://www.meetup.com/cryptomondaysnyc/events/285443224
2,Create an (ETH) ERC-20 Based Token,"Group name:
NYC Developing Crypto and the Blockchain ‚Ä¢ New York, NY","TUE, MAY 17 ¬∑ 12:30 AM UTC+2",88 attendees,No place left,https://www.meetup.com/nyc-developing-crypto-and-the-blockchain/events/284003922
3,Building a Modern Data Analytics Stack in an hour (online),"Group name:
Data Workshops ‚Ä¢ New York, NY","TUE, MAY 17 ¬∑ 12:30 AM UTC+2",54 attendees,No place left,https://www.meetup.com/Data-Workshops/events/285801814
4,"Learn You Github Actions, Then Portfolio SECRETS!","Group name:
NYC Bootcampers Anonymous ‚Ä¢ New York, NY","TUE, MAY 17 ¬∑ 12:30 AM UTC+2",84 attendees,No place left,https://www.meetup.com/NYC-Bootcampers-Anonymous/events/284938432
5,Session 1 for Finding DND Friends,"Group name:
Free DND (please be nice) ‚Ä¢ New York, NY","TUE, MAY 17 ¬∑ 1:00 AM UTC+2",22 attendees,No place left,https://www.meetup.com/free-dnd-please-be-nice/events/285811423
6,''DANCE TO YOUR OWN DRUM BEAT'' - LUNAR ECLIPSE DANCE PRACTICE,"Group name:
Shamanic Club ‚Ä¢ Edgewater, NJ","TUE, MAY 17 ¬∑ 1:00 AM UTC+2",38 attendees,No place left,https://www.meetup.com/Edgewater-ShamanicClub/events/285659264
7,Draw Together at Radegast Hall,"Group name:
Williamsburg Art Club ‚Ä¢ New York, NY","TUE, MAY 17 ¬∑ 1:00 AM UTC+2",13 attendees,No place left,https://www.meetup.com/williamsburg-art-club/events/285860364
8,Brooklyn Heights Women's Book Club Monthly Meetup,"Group name:
Brooklyn Heights Women's Book Club ‚Ä¢ Brooklyn, NY","TUE, MAY 17 ¬∑ 1:00 AM UTC+2",6 attendees,9 spots left,https://www.meetup.com/Brooklyn-Heights-Book-Club/events/282915953
9,HWU Community Writing Session,"Group name:
Harlem Writers United ‚Ä¢ New York, NY","TUE, MAY 17 ¬∑ 1:00 AM UTC+2",2 attendees,No place left,https://www.meetup.com/hwunited/events/285486402
10,Monday Night Mechs #009: The Battle of Tukayyid,"Group name:
Brooklyn Battletech ‚Ä¢ Brooklyn, NY","TUE, MAY 17 ¬∑ 1:00 AM UTC+2",4 attendees,No place left,https://www.meetup.com/Brooklyn-Battletech-Meetup/events/285074336
11,Switch your Career to UX Design,"Group name:
Mento Design Academy Group ‚Ä¢ New York, NY","TUE, MAY 17 ¬∑ 6:00 PM UTC+2",146 attendees,No place left,https://www.meetup.com/mento-design-academy-group/events/285504755
12,Introduction to Python,"Group name:
Code Labs Academy NYC - Coding Bootcamp ‚Ä¢ New York, NY","TUE, MAY 17 ¬∑ 6:00 PM UTC+2",53 attendees,No place left,https://www.meetup.com/code-labs-academy-nyc-coding-bootcamp/events/285541983
13,"Greg Brougham - Transformation, Is it a Thing?","Group name:
The Complexity Lounge ‚Ä¢ New York, NY","TUE, MAY 17 ¬∑ 6:00 PM UTC+2",44 attendees,No place left,https://www.meetup.com/Complexity-Lounge/events/285677058
14,Microsoft Teams Rooms ‚Äì Extending your teams journey into shared spaces,"Group name:
NYC Teams Tuesday ‚Ä¢ New York, NY","TUE, MAY 17 ¬∑ 6:15 PM UTC+2",12 attendees,No place left,https://www.meetup.com/NYC-Teams-Tuesday/events/285231125
15,IN-PERSON in Prospect Park,"Group name:
Old, Weird & Don't Care Who Knows It ‚Ä¢ Brooklyn, NY","TUE, MAY 17 ¬∑ 8:00 PM UTC+2",8 attendees,No place left,https://www.meetup.com/Old-Weird-Dont-Care-Who-Knows-It/events/285576064
16,Spanish and English FREE Dual Language Learning Hour,"Group name:
Double Talkers: 2 Become Bilingual ‚Ä¢ New York, NY","TUE, MAY 17 ¬∑ 11:00 PM UTC+2",14 attendees,8 spots left,https://www.meetup.com/DoubleTalkers/events/285576479
17,"Discuss ""The Dakota Winters"" IN PERSON!","Group name:
Women's 'Novels of New York' Book Club ‚Ä¢ New York, NY","WED, MAY 18 ¬∑ 12:00 AM UTC+2",22 attendees,No place left,https://www.meetup.com/NovelsOfNewYork/events/285114226
18,The Basics of UX UI Design,"Group name:
Ironhack New York - Tech Careers, Learning and Networking ‚Ä¢ New York, NY","WED, MAY 18 ¬∑ 12:00 AM UTC+2",39 attendees,No place left,https://www.meetup.com/ironhack-new-york-tech-careers-learning-and-networking/events/285552721
19,Bitcoin Happy Hour,"Group name:
Blockchain Center ‚Ä¢ New York, NY","WED, MAY 18 ¬∑ 12:00 AM UTC+2",65 attendees,No place left,https://www.meetup.com/blockchaincenter/events/284821234
20,Talk & Discussion: Accessibility 201 ‚Äì Design Maturity Models,"Group name:
SDN New York Chapter (NYC Service Design Collective) ‚Ä¢ New York, NY","WED, MAY 18 ¬∑ 12:00 AM UTC+2",24 attendees,No place left,https://www.meetup.com/sdnnyc/events/285697095
21,Weimar Berlin Cabaret show,"Group name:
Fabulous females seeking female friends over 50 for events ‚Ä¢ New York, NY","WED, MAY 18 ¬∑ 12:20 AM UTC+2",7 attendees,1 spot left,https://www.meetup.com/fabulous-females-over-50-seekingFemalefriendsforevents/events/285153161
22,Micro Gathering,"Group name:
Tribes of Humanity ‚Ä¢ Brooklyn, NY","WED, MAY 18 ¬∑ 12:30 AM UTC+2",4 attendees,No place left,https://www.meetup.com/tribes-of-humanity/events/285676976
23,Veil of Maya & Born of Osiris,"Group name:
Let's Go to Metal Shows ‚Ä¢ New York, NY","WED, MAY 18 ¬∑ 12:30 AM UTC+2",4 attendees,7 spots left,https://www.meetup.com/lets-go-to-metal-shows/events/285489455
24,FREE Workshop on QA Automation,"Group name:
NYC: Tech Career in QA Automation and Product Management ‚Ä¢ New York, NY","WED, MAY 18 ¬∑ 12:30 AM UTC+2",24 attendees,1 spot left,https://www.meetup.com/qa-productmanagement-boot-camp/events/285740652
25,Low-key Poetry Writing & Drinks Meetup (All NY Poets are Welcome)!,"Group name:
Poets of Queens NEW ‚Ä¢ Astoria, NY","WED, MAY 18 ¬∑ 1:00 AM UTC+2",10 attendees,No place left,https://www.meetup.com/poets-of-queens-new/events/284865544
26,Lower East Side Socialist Monthly Meeting,"Group name:
Manhattan Socialists ‚Ä¢ New York, NY","WED, MAY 18 ¬∑ 1:00 AM UTC+2",8 attendees,No place left,https://www.meetup.com/manhattan-socialists/events/285384295
27,"Deficits, Debt, and Drinks","Group name:
NYC Deficit Owls (MMT) ‚Ä¢ New York, NY","WED, MAY 18 ¬∑ 1:00 AM UTC+2",6 attendees,No place left,https://www.meetup.com/Modern-Monetary-Theory-in-New-York-City/events/285322240
28,The All Star Comedy Show- A stand Up comedy show tor City Harvest!,"Group name:
New York City All Star Stand Up Comedy Show Meetup Group ‚Ä¢ New York, NY","WED, MAY 18 ¬∑ 1:00 AM UTC+2",2 attendees,No place left,https://www.meetup.com/new-york-city-all-star-stand-up-comedy-show-meetup-group/events/285550909
29,Tuesday night climb at Cliffs Gowanus(+ drinks @ Wild East),"Group name:
Rock Climb + Chill in Brooklyn ‚Ä¢ Brooklyn, NY","WED, MAY 18 ¬∑ 1:00 AM UTC+2",20 attendees,No place left,https://www.meetup.com/Casual-Rock-Climbing/events/285731649
30,Online Real Estate Investing,"Group name:
Queens Investing Meetup Group ‚Ä¢ Whitestone, NY","WED, MAY 18 ¬∑ 1:00 AM UTC+2",27 attendees,No place left,https://www.meetup.com/Queens-Investing-Meetup-Group/events/285553741
31,What You Need to Know about OCD and the Nice Guy Syndrome,"Group name:
Integrated Men - New York ‚Ä¢ Brooklyn, NY","WED, MAY 18 ¬∑ 2:00 AM UTC+2",15 attendees,No place left,https://www.meetup.com/integrated-men-new-york/events/285287434
32,Learn English in New York Manhattan !,"Group name:
Learn English in New York Manhattan ‚Ä¢ New York, NY","WED, MAY 18 ¬∑ 3:00 PM UTC+2",28 attendees,No place left,https://www.meetup.com/manhattan-english-as-a-second-language-meetup-group/events/285406403
33,The ML Data Engineering Conference,"Group name:
NYC AI/ML/Data Developers Group ‚Ä¢ New York, NY","WED, MAY 18 ¬∑ 5:00 PM UTC+2",649 attendees,No place left,https://www.meetup.com/aittg-nyc/events/284937857
34,Young Professional's Networking Gathering,"Group name:
Young Professional's New to NYC ‚Ä¢ New York, NY","WED, MAY 18 ¬∑ 11:00 PM UTC+2",129 attendees,No place left,https://www.meetup.com/young-professionals-new-to-nyc/events/285529628
35,Working with Large Datasets as a Data Scientist (with Python),"Group name:
New York R User Group ‚Ä¢ New York, NY","WED, MAY 18 ¬∑ 11:00 PM UTC+2",25 attendees,No place left,https://www.meetup.com/New-York-R-Users-Group/events/285591596
36,Tech Professionals After Work Happy Hour,"Group name:
NY Tech Happy Hour ‚Ä¢ New York, NY","WED, MAY 18 ¬∑ 11:00 PM UTC+2",41 attendees,No place left,https://www.meetup.com/meetup-group-grbqwgeh/events/285529575
37,May Intermediate-Advanced Amazons Sellers Meetup - WE ARE BACK!!,"Group name:
New York Amazon Seller Meetup ‚Ä¢ New York, NY","THU, MAY 19 ¬∑ 12:00 AM UTC+2",66 attendees,No place left,https://www.meetup.com/New-York-Amazon-Seller-Meetup/events/285392466
38,Building and Using Virtual Reality in Education,"Group name:
VR in Education ‚Ä¢ New York, NY","THU, MAY 19 ¬∑ 12:00 AM UTC+2",66 attendees,9 spots left,https://www.meetup.com/vr-education/events/284878756
39,SEO for Beginners,"Group name:
New York SEO Meetup Group ‚Ä¢ New York, NY","THU, MAY 19 ¬∑ 12:00 AM UTC+2",47 attendees,No place left,https://www.meetup.com/new-york-seo/events/285093297
40,"May 18, 2022 NYC Quantum Computing Hybrid Meetup","Group name:
New York Quantum Computing Meetup ‚Ä¢ New York, NY","THU, MAY 19 ¬∑ 12:00 AM UTC+2",44 attendees,6 spots left,https://www.meetup.com/New-York-Quantum-Computing-Meetup/events/285840307
41,"NFT, Web3 and Crypto Happy Hour (Sub Topic - Project Pitches)","Group name:
New York NFT, Crypto, Web3 and Startup Meetup Group ‚Ä¢ New York, NY","THU, MAY 19 ¬∑ 12:45 AM UTC+2",14 attendees,No place left,https://www.meetup.com/new-york-nft-web3-crypto-startup-meetup-group/events/285058610
42,Meet and Greet with JC Black Professionals,"Group name:
Jersey City Black Professionals ‚Ä¢ Jersey City, NJ","THU, MAY 19 ¬∑ 1:00 AM UTC+2",31 attendees,No place left,https://www.meetup.com/jersey-city-black-professionals/events/285542744
43,Choose A Cuisine and Restaurant For Our First Night Out!,"Group name:
New York Food Club ‚Ä¢ New York, NY","THU, MAY 19 ¬∑ 1:00 AM UTC+2",20 attendees,No place left,https://www.meetup.com/new-york-food-club/events/285819775
44,BROOKLYN Smutty Book Club - Lick by Kylie Scott,"Group name:
Brooklyn Smutty Book Club ‚Ä¢ Brooklyn, NY","THU, MAY 19 ¬∑ 1:00 AM UTC+2",33 attendees,No place left,https://www.meetup.com/BROOKLYN-Smutty-Book-Club/events/285373438
45,Mens Indoor Pick-up Basketball in Long Island City,"Group name:
LICYSL - Men's Indoor Pickup Basketball in Hunters Point ‚Ä¢ Long Island City, NY","THU, MAY 19 ¬∑ 1:00 AM UTC+2",13 attendees,9 spots left,https://www.meetup.com/LIC-Hoops-Mens-Indoor-Pickup-Basketball-in-Hunters-Point/events/285578911
46,DIR/Floortime based Autism Social Group Meetup,"Group name:
DIR/Floortime based Autism Social Group Meetup ‚Ä¢ New York, NY","THU, MAY 19 ¬∑ 1:15 AM UTC+2",5 attendees,No place left,https://www.meetup.com/DIR-Floortime-based-Autism-Social-Group-Meetup/events/285888319
47,Free Chinese Class - 'Do you speak Chinese?',"Group name:
Free Chinese Classes ‚Ä¢ New York, NY","THU, MAY 19 ¬∑ 1:30 AM UTC+2",12 attendees,No place left,https://www.meetup.com/free-chinese-classes/events/285773101
48,Learn Chinese: Do you speak Chinese?,"Group name:
Chinese Chat International ‚Ä¢ New York, NY","THU, MAY 19 ¬∑ 1:30 AM UTC+2",5 attendees,No place left,https://www.meetup.com/chinese-chat/events/285853343
49,Monthly Dinner (Make new female friends),"Group name:
Mindful Gal Pals ‚Ä¢ Brooklyn, NY","THU, MAY 19 ¬∑ 1:30 AM UTC+2",39 attendees,No place left,https://www.meetup.com/Mindful-Gal-Pals/events/285462049
50,A Post-Roe America? (a panelist discussion by legal experts),"Group name:
""The NYC Political Forum"" ‚Ä¢ New York, NY","THU, MAY 19 ¬∑ 2:00 AM UTC+2",43 attendees,No place left,https://www.meetup.com/NYC-Politics/events/285803030
51,Keep The Pace Run Club Community Run,"Group name:
Keep The Pace Run Club ‚Ä¢ New York, NY","THU, MAY 19 ¬∑ 1:15 PM UTC+2",7 attendees,No place left,https://www.meetup.com/keep-the-pace-run-club/events/285590146
52,Women in Data Science NYC @ Dataiku,"Group name:
Analytics & Data Science by Dataiku NY ‚Ä¢ New York, NY","THU, MAY 19 ¬∑ 9:00 PM UTC+2",89 attendees,No place left,https://www.meetup.com/AnalyticsDataScienceDataikuNY/events/285277410
53,NYC Blockchain Networking Event - Monthly 3rd Thurs. - Blockchain Cryptocurrency,"Group name:
NYC Blockchain Network - Monthly 3rd Thursday Meetup ‚Ä¢ New York, NY","THU, MAY 19 ¬∑ 11:00 PM UTC+2",188 attendees,No place left,https://www.meetup.com/nyc-blockchain-network-monthly-3rd-thursday-meetup/events/283992671
54,"Tech and Startup Networking Mixer (Tech, Drinks and Startups)","Group name:
Startup+ NYC ‚Ä¢ New York, NY","THU, MAY 19 ¬∑ 11:00 PM UTC+2",74 attendees,No place left,https://www.meetup.com/startup-plus/events/285600469
55,Thursday evening Kadima Meetup (+ MOVIE),"Group name:
Adult UWS Kadima meet up ‚Ä¢ New York, NY","THU, MAY 19 ¬∑ 11:30 PM UTC+2",20 attendees,No place left,https://www.meetup.com/New-York-City-UWS-Kadima-Meetup-Group/events/285846511
56,Robert Kosara: How to Show Ordinary Data in Extraordinary Ways,"Group name:
Data Visualization New York ‚Ä¢ New York, NY","FRI, MAY 20 ¬∑ 12:00 AM UTC+2",214 attendees,No place left,https://www.meetup.com/DataVisualization/events/285428471
57,[VIRTUAL|SUG] How to Stop avoiding conflict and start building better teams,"Group name:
NYC Scrum User Group ‚Ä¢ New York, NY","FRI, MAY 20 ¬∑ 12:00 AM UTC+2",50 attendees,No place left,https://www.meetup.com/NYC-Scrum-User-Group/events/283312744
58,Adult(ish) Game Night (Hybrid),"Group name:
Adult(ish) at the Valley Cottage Library ‚Ä¢ Valley Cottage, NY","FRI, MAY 20 ¬∑ 12:00 AM UTC+2",30 attendees,No place left,https://www.meetup.com/7eb6a8ab-02ce-4f9c-a900-9b7935f4e052/events/284224672
59,BYOB: Custom Candle Making Experience,"Group name:
The Melanin Club- NYC ‚Ä¢ New York, NY","FRI, MAY 20 ¬∑ 12:00 AM UTC+2",8 attendees,No place left,https://www.meetup.com/the-melanin-club-nyc/events/285606936
60,ScriptRunner ‚Äì Let‚Äôs Unlock the Power of PowerShell across your organization,"Group name:
New York PowerShell Meetup ‚Ä¢ New York, NY","FRI, MAY 20 ¬∑ 12:30 AM UTC+2",146 attendees,No place left,https://www.meetup.com/NycPowershellMeetup/events/285079314
61,Liberty Science Center Afterdark!!!!,"Group name:
50 By 50 Travel Wine And Dine And Amazing Times ‚Ä¢ Woodbridge, NJ","FRI, MAY 20 ¬∑ 12:30 AM UTC+2",6 attendees,9 spots left,https://www.meetup.com/meetup-group-yaetucwl/events/285714746
62,Want to be happier and more confident?,"Group name:
Self-confidence NY NJ Meetup Group ‚Ä¢ New York, NY","FRI, MAY 20 ¬∑ 1:00 AM UTC+2",314 attendees,No place left,https://www.meetup.com/self-confidence-ny-nj-meetup-group/events/285380389
63,Conversation w/ MLOps Industry Veteran Yuval Fernbach,"Group name:
MLOps NYC ‚Ä¢ New York, NY","FRI, MAY 20 ¬∑ 1:00 AM UTC+2",45 attendees,No place left,https://www.meetup.com/MLOps-NYC/events/285703873
64,The Post-Office Girl - Stefan Zweig,"Group name:
Great Loves Book Club ‚Ä¢ New York, NY","FRI, MAY 20 ¬∑ 1:00 AM UTC+2",23 attendees,No place left,https://www.meetup.com/Great-Loves-Book-Club/events/285408679
65,Happy Hour @ Smorgasbar,"Group name:
Jersey City Connects ‚Ä¢ Jersey City, NJ","FRI, MAY 20 ¬∑ 1:00 AM UTC+2",88 attendees,No place left,https://www.meetup.com/jersey-city-connects/events/285645368
66,AMC NY/NJ 20s and 30s Spring Kickoff Social,"Group name:
Appalachian Mountain Club - Young Members ‚Ä¢ New York, NY","FRI, MAY 20 ¬∑ 1:00 AM UTC+2",34 attendees,No place left,https://www.meetup.com/AMCYoungMembers/events/285634911
67,Understanding the War In Ukraine,"Group name:
The Network for Responsible Public Policy ‚Ä¢ Ridgewood, NJ","FRI, MAY 20 ¬∑ 1:30 AM UTC+2",11 attendees,No place left,https://www.meetup.com/nfrpp-public-policy-forum-meetup-group/events/285675710
68,Thursday Evening 7vs7 Pickup,"Group name:
Socceroof LIC (Pickup, Events and more...) ‚Ä¢ Astoria, NY","FRI, MAY 20 ¬∑ 3:00 AM UTC+2",21 attendees,No place left,https://www.meetup.com/SocceroofLIC/events/285606358
69,Successfully implementing the key elements of Data & Analytics Strategy,"Group name:
Data Science Festival - New York ‚Ä¢ New York, NY","FRI, MAY 20 ¬∑ 2:00 PM UTC+2",24 attendees,No place left,https://www.meetup.com/Data-Science-Festival-New-York/events/285670172
70,Entrepreneurs Forum: Reemergence,"Group name:
New York Entrepreneurs ‚Ä¢ New York, NY","FRI, MAY 20 ¬∑ 6:00 PM UTC+2",80 attendees,No place left,https://www.meetup.com/new-york-entrepreneurship-meetup-group/events/285745762
71,Introduction to NSR Meditation/East Coast,"Group name:
Introduction to NSR Meditation/East Coast ‚Ä¢ New York, NY","FRI, MAY 20 ¬∑ 7:30 PM UTC+2",6 attendees,No place left,https://www.meetup.com/introduction-to-nsr-meditation-east-coast/events/285885668
72,"IN PERSON MEETUP: Free speech, Elon Musk, the ""Disinformation Governance Board""","Group name:
New York City IDW - NYC Intellectual Dark Web ‚Ä¢ New York, NY","FRI, MAY 20 ¬∑ 11:30 PM UTC+2",15 attendees,No place left,https://www.meetup.com/new-york-idw-group/events/285592467
73,May 20 Entrepreneur Networking Party,"Group name:
NYC Entrepreneurs & Startups ‚Ä¢ New York, NY","FRI, MAY 20 ¬∑ 11:30 PM UTC+2",20 attendees,No place left,https://www.meetup.com/meetup-group-denmnbrk/events/285751861
74,Touchdesigner NYC Meetup - IO edition,"Group name:
ZeroSpace XR/AR/VR Meetups ‚Ä¢ Brooklyn, NY","SAT, MAY 21 ¬∑ 12:00 AM UTC+2",65 attendees,10 spots left,https://www.meetup.com/zerospace-meetups/events/285871847
75,Irish Music & Happy Hour,"Group name:
The New York Irish Pub Challenge Meetup ‚Ä¢ New York, NY","SAT, MAY 21 ¬∑ 12:00 AM UTC+2",25 attendees,No place left,https://www.meetup.com/The-New-York-Irish-Pub-Challenge-Meetup/events/285629048
76,Friday happy hour - French conversation practice !,"Group name:
Gay French language practice ‚Ä¢ New York, NY","SAT, MAY 21 ¬∑ 12:00 AM UTC+2",15 attendees,No place left,https://www.meetup.com/gay-french-language-practice/events/285874661
77,"INFP, Introverts, Shy and International Friends Hang out and Chat","Group name:
Brooklyn INFP, Introverts Meetup Group ‚Ä¢ Brooklyn, NY","SAT, MAY 21 ¬∑ 1:00 AM UTC+2",25 attendees,No place left,https://www.meetup.com/brooklyn-infp-meetup-group/events/285683313
78,The Juggling Moms Club - Meet and Greet,"Group name:
The Juggling Moms Club Meetup Group ‚Ä¢ Woodbridge, NJ","SAT, MAY 21 ¬∑ 1:00 AM UTC+2",12 attendees,No place left,https://www.meetup.com/the-juggling-moms-club-meetup-group/events/285768776
79,Meet and Greet - Introductions and Q&A,"Group name:
Math Pedagogy Group (Teachers, Tutors, and Math enthusiasts) ‚Ä¢ Bronx, NY","SAT, MAY 21 ¬∑ 1:30 AM UTC+2",7 attendees,No place left,https://www.meetup.com/math-pedagogy-group-teachers-tutors-and-more/events/285809014
80,New York Dodgeball Pick up (in Chelsea!),"Group name:
New York Dodgeball ‚Ä¢ New York, NY","SAT, MAY 21 ¬∑ 2:00 AM UTC+2",12 attendees,No place left,https://www.meetup.com/new-york-dodgeball/events/285363294
81,NYRR 2022 RBC Brooklyn Half,"Group name:
Dashing Whippets Running Team ‚Ä¢ New York, NY","SAT, MAY 21 ¬∑ 1:00 PM UTC+2",60 attendees,No place left,https://www.meetup.com/dashing-whippets/events/282528678
82,Surf City - Opening Weekend - Ride out,"Group name:
NYC Pirates ‚Ä¢ Bronx, NY","SAT, MAY 21 ¬∑ 2:00 PM UTC+2",13 attendees,No place left,https://www.meetup.com/NYC-Pirates/events/285439517
83,Second Saturday - Divorce Seminar,"Group name:
Second Saturday Divorce Seminar - Montclair ‚Ä¢ Montclair, NJ","SAT, MAY 21 ¬∑ 3:00 PM UTC+2",74 attendees,No place left,https://www.meetup.com/second-saturday-divorce-seminar-montclair/events/284079586
84,Kathak - Kathak dancing by Radhika,"Group name:
Free Dance and Drama ‚Ä¢ Jersey City, NJ","SAT, MAY 21 ¬∑ 3:00 PM UTC+2",8 attendees,No place left,https://www.meetup.com/indian-dance-and-drama/events/285768483
85,BFC Saturday May 14th game 10:45 am TBC,"Group name:
Brooklyn Football Club ‚Ä¢ Brooklyn, NY","SAT, MAY 21 ¬∑ 4:45 PM UTC+2",10 attendees,4 spots left,https://www.meetup.com/meetup-group-sceopdbn/events/285932484
86,NYC Dance Parade!,"Group name:
NYC Hoop Troupe ‚Ä¢ New York, NY","SAT, MAY 21 ¬∑ 6:30 PM UTC+2",19 attendees,No place left,https://www.meetup.com/nychooptroupe/events/284525743
87,NYC Photographers' Belated Anniversary: Central Park,"Group name:
NYC Photographers ‚Ä¢ New York, NY","SAT, MAY 21 ¬∑ 5:00 PM UTC+2",51 attendees,No place left,https://www.meetup.com/NYC-Photographers/events/285530792
88,Yoga and Picnic in Central Park,"Group name:
Urban Nomad Outdoor Yoga in New York City's Parks ‚Ä¢ New York, NY","SAT, MAY 21 ¬∑ 5:45 PM UTC+2",14 attendees,No place left,https://www.meetup.com/new-york-outdoor-yoga-meetup-group/events/285632389
89,PODWORK-The Podcast Network Conference,"Group name:
Podcasters of NewJersey ‚Ä¢ West Orange, NJ","SAT, MAY 21 ¬∑ 6:00 PM UTC+2",13 attendees,No place left,https://www.meetup.com/Podcasters-of-NewJersey/events/284869303
90,Hometown Bar B Que. Let's Get Back to Normal....,"Group name:
3 Brown Chicks who Travel! ‚Ä¢ New York, NY","SAT, MAY 21 ¬∑ 6:00 PM UTC+2",16 attendees,No place left,https://www.meetup.com/3-Brown-Chicks-who-TRAVEL/events/284790236
91,First Meeting,"Group name:
The Art of Community Conversation ‚Ä¢ New York, NY","SAT, MAY 21 ¬∑ 7:00 PM UTC+2",32 attendees,No place left,https://www.meetup.com/the-art-of-community-conversation/events/285552346
92,Central Park Picnic,"Group name:
Big Apple Dinners, Brunches & Adventures (30s-50s) ‚Ä¢ New York, NY","SAT, MAY 21 ¬∑ 7:00 PM UTC+2",15 attendees,9 spots left,https://www.meetup.com/big-apple-beauties-30s-50s/events/285475556
93,LBGTQ+ Women's Picnic,"Group name:
LGBTQ+ Women Social Group (Ages ‚âà21-40ish) ‚Ä¢ New York, NY","SAT, MAY 21 ¬∑ 7:00 PM UTC+2",11 attendees,No place left,https://www.meetup.com/lgbtq-women-social-group-ages-20-40/events/285807405
94,D&D 5E World of Greyhawk: Take the Tower! Part 3,"Group name:
Online Monthly D&D Game Meetup Group ‚Ä¢ Brooklyn, NY","SAT, MAY 21 ¬∑ 7:00 PM UTC+2",9 attendees,No place left,https://www.meetup.com/online-monthly-dnd-game-meetup-group/events/285466017
95,Vegan Take Out & Picnic in Prospect Park,"Group name:
Vegan Ventures ‚Ä¢ New York, NY","SAT, MAY 21 ¬∑ 7:00 PM UTC+2",4 attendees,No place left,https://www.meetup.com/Vegan-Ventures/events/285680042
96,Brick Walls Over Brunch,"Group name:
The Irish / British Genealogy Group ‚Ä¢ New York, NY","SAT, MAY 21 ¬∑ 8:00 PM UTC+2",12 attendees,No place left,https://www.meetup.com/The-Irish-British-Genealogy-Group/events/285216249
97,Lets Dine NYC : Grimaldis Pizza at Brooklyn Bridge Park,"Group name:
Let‚Äôs Dine NYC ‚Ä¢ New York, NY","SAT, MAY 21 ¬∑ 9:15 PM UTC+2",23 attendees,No place left,https://www.meetup.com/let-s-dine-nyc/events/285362399
98,Archives Exposed,"Group name:
Archives Exposed Exhibit ‚Ä¢ New York, NY","SAT, MAY 21 ¬∑ 10:00 PM UTC+2",29 attendees,No place left,https://www.meetup.com/archives-exposed-exhibit/events/285384608
99,Let's Play Softball! - Brooklyn Half Marathon Edition - May 21st,"Group name:
Central Park Saturday Afternoon Co-Ed Softball ‚Ä¢ New York, NY","SAT, MAY 21 ¬∑ 10:00 PM UTC+2",24 attendees,No place left,https://www.meetup.com/Central-Park-Saturday-Afternoon-Co-Ed-Softball/events/285914681
100,Join the first Aging with Attitude meet up event!,"Group name:
Aging with Attitude Meetup Group ‚Ä¢ New York, NY","SAT, MAY 21 ¬∑ 11:00 PM UTC+2",5 attendees,No place left,https://www.meetup.com/aging-with-attitude-meetup-group/events/284822803
101,Interactive BoardGames presents: Blood on the Clocktower,"Group name:
The Interactive Heroes ‚Ä¢ New York, NY","SUN, MAY 22 ¬∑ 12:00 AM UTC+2",11 attendees,10 spots left,https://www.meetup.com/meetup-group-eyaqvekz/events/285730684
102,Who is preventing full E.T disclosure and why?,"Group name:
New York Ufo Research and Investigations Meetup Group ‚Ä¢ New York, NY","SUN, MAY 22 ¬∑ 1:00 AM UTC+2",10 attendees,No place left,https://www.meetup.com/new-york-ufo-research-investigations-meetup-group/events/285774353
103,Sunday at The Metropolitan Museum of Art,"Group name:
Livin Your Best Life ‚Ä¢ Freehold, NJ","SUN, MAY 22 ¬∑ 2:00 PM UTC+2",16 attendees,No place left,https://www.meetup.com/livin-your-best-life/events/284723997
104,Brompton Ride & Eat @ Smorgasburg,"Group name:
Brompton New York ‚Ä¢ New York, NY","SUN, MAY 22 ¬∑ 4:00 PM UTC+2",40 attendees,No place left,https://www.meetup.com/BromptonNYC/events/285542140
105,Tarot Class With Anne & Spiritual Chat,"Group name:
Tarot Reading with Anne ‚Ä¢ Brooklyn, NY","SUN, MAY 22 ¬∑ 4:00 PM UTC+2",10 attendees,No place left,https://www.meetup.com/thepsychicdancer/events/285652930
106,Gay/bi/trans Social event Brooklyn Botanic Garden,"Group name:
LGBTQIA BlazenArts Art Club ‚Ä¢ Brooklyn, NY","SUN, MAY 22 ¬∑ 5:00 PM UTC+2",19 attendees,No place left,https://www.meetup.com/lgbtqia-bushwick-art-club/events/285342978
107,Normal People (Sally Rooney),"Group name:
Jersey City Brunch Book Club meetup ‚Ä¢ Jersey City, NJ","SUN, MAY 22 ¬∑ 5:00 PM UTC+2",8 attendees,2 spots left,https://www.meetup.com/Jersey-City-Brunch-Book-Club-meetup/events/284744806
108,Brunch at The Cabin,"Group name:
New York's Female Brunch Club ‚Ä¢ New York, NY","SUN, MAY 22 ¬∑ 5:00 PM UTC+2",13 attendees,7 spots left,https://www.meetup.com/new-yorks-female-brunch-club/events/285744728
109,Hoboken Community Bike Rides,"Group name:
Hoboken Bicycling Meetup ‚Ä¢ Hoboken, NJ","SUN, MAY 22 ¬∑ 5:00 PM UTC+2",4 attendees,No place left,https://www.meetup.com/HobokenBicyclingMeetup/events/285619776
110,May 2022 Meetup,"Group name:
City Corgi Collective ‚Ä¢ New York, NY","SUN, MAY 22 ¬∑ 6:00 PM UTC+2",16 attendees,No place left,https://www.meetup.com/city-corgi-collective/events/285669910
111,Sunday Brunch at Blue!,"Group name:
Staten Island Brunch and Lunch Friends ‚Ä¢ Staten Island, NY","SUN, MAY 22 ¬∑ 7:00 PM UTC+2",10 attendees,No place left,https://www.meetup.com/staten-island-brunch-friends/events/285660598
112,Halal Thai Food !!,"Group name:
NYC, LI, & NJ Desi/Middle Eastern Meetup ‚Ä¢ New York, NY","SUN, MAY 22 ¬∑ 7:00 PM UTC+2",10 attendees,No place left,https://www.meetup.com/nyc-li-nj-desi-meetup/events/285826618
113,"""Drive Your Plow Over the Bones of the Dead,"" by Olga Tokarczuk","Group name:
The Millennialish Book Club ‚Ä¢ New York, NY","SUN, MAY 22 ¬∑ 8:00 PM UTC+2",41 attendees,No place left,https://www.meetup.com/NYC-20-something-book-club/events/282104024
114,Discussion: Purpose,"Group name:
New York Interesting Conversations ‚Ä¢ New York, NY","SUN, MAY 22 ¬∑ 8:00 PM UTC+2",34 attendees,No place left,https://www.meetup.com/new-york-conversations/events/285557050
115,Picnic in Central Park,"Group name:
Gay Parenting - LGBT Future Parents ‚Ä¢ New York, NY","SUN, MAY 22 ¬∑ 9:00 PM UTC+2",7 attendees,No place left,https://www.meetup.com/gay-parenting-lgbt-future-parents/events/285693902
116,Picknick im Freien,"Group name:
Gay German Conversation Group: Stammtisch ‚Ä¢ New York, NY","SUN, MAY 22 ¬∑ 9:00 PM UTC+2",25 attendees,No place left,https://www.meetup.com/Gay-German-Conversation-Group-Stammtisch/events/285635411
117,Kool Weridos Merch Party,"Group name:
Kool Weridos ‚Ä¢ New York, NY","SUN, MAY 22 ¬∑ 9:00 PM UTC+2",5 attendees,No place left,https://www.meetup.com/new-york-partying-meetup-group/events/285830166
118,Writer Friends Online Hangout,"Group name:
Passaic County Writer Friends ‚Ä¢ Montclair, NJ","SUN, MAY 22 ¬∑ 10:00 PM UTC+2",7 attendees,No place left,https://www.meetup.com/montclair-writer-friends-meetup-group/events/285797757
119,Harlem Bitcoin Community Meetup .00000003 #BitcoinPizzaDay üçïüçï,"Group name:
Harlem Bitcoin Community ‚Ä¢ New York, NY","SUN, MAY 22 ¬∑ 11:00 PM UTC+2",38 attendees,No place left,https://www.meetup.com/harlem-bitcoin-community/events/285571266
120,TOPSPIN - The NYC Ping Pong Meetup Group,"Group name:
TOPSPIN - The NYC Ping Pong Meetup Group ‚Ä¢ New York, NY","SUN, MAY 22 ¬∑ 11:00 PM UTC+2",69 attendees,No place left,https://www.meetup.com/topspin-the-new-york-ping-pong-meetup-group/events/285916242
121,May Classics Watch Party - The African Queen,"Group name:
The Morristown Movie & Dining (and More) Meetup Group! ‚Ä¢ Morristown, NJ","MON, MAY 23 ¬∑ 1:00 AM UTC+2",9 attendees,No place left,https://www.meetup.com/movies-594/events/285441946
122,The Violin Conspiracy by Brendan Slocumb - Book Discussion,"Group name:
Not Your Bubbe‚Äôs Book Club ‚Ä¢ Merrick, NY","MON, MAY 23 ¬∑ 1:00 AM UTC+2",13 attendees,No place left,https://www.meetup.com/meetup-group-vIEJNjur/events/284759980
123,Virtual Parliamentarians: Get Your Questions Answered on Parliamentary Procedure,"Group name:
VPs Parliamentary Procedure Study Group ‚Ä¢ New York, NY","MON, MAY 23 ¬∑ 2:00 AM UTC+2",3 attendees,No place left,https://www.meetup.com/virtual-parliamentarians-study-group/events/284040264
124,Webinar: Stan Uryasev - Drawdown Beta and Portfolio Optimization,"Group name:
The Thalesians ‚Ä¢ New York, NY","MON, MAY 23 ¬∑ 6:30 PM UTC+2",56 attendees,No place left,https://www.meetup.com/thalesians/events/285846682
125,"AMALFI VIRTUAL WALKING TOUR - The Pearl of the Amalfi Coast, Italy","Group name:
Italy Virtual Tours: Art, Culture & Beauty ‚Ä¢ New York, NY","MON, MAY 23 ¬∑ 7:00 PM UTC+2",35 attendees,No place left,https://www.meetup.com/italy-virtual-tours/events/285492351
126,Understanding Fast American English Workshop,"Group name:
Let's Speak! English Conversation Club ‚Ä¢ Westfield, NJ","MON, MAY 23 ¬∑ 11:00 PM UTC+2",18 attendees,No place left,https://www.meetup.com/lets-speak-english-conversation-club/events/285791074
127,Optimizing Transformer Models for Performance,"Group name:
Natural Language Processing ‚Ä¢ New York, NY","TUE, MAY 24 ¬∑ 12:00 AM UTC+2",73 attendees,No place left,https://www.meetup.com/NY-NLP/events/285809087
128,Shopify Meetup New York,"Group name:
Shopify Meetup with Merchant Mastery ‚Ä¢ New York, NY","TUE, MAY 24 ¬∑ 12:00 AM UTC+2",3 attendees,No place left,https://www.meetup.com/shopify-social-lite-meetup-group/events/285602141
129,Interfaithless Meetup,"Group name:
Interfaithless Meetup ‚Ä¢ New York, NY","TUE, MAY 24 ¬∑ 12:30 AM UTC+2",20 attendees,No place left,https://www.meetup.com/interfaithless-meetup-group/events/284267030
130,New York Augmented Reality Meetup,"Group name:
New York Augmented Reality (NYAR) ‚Ä¢ New York, NY","TUE, MAY 24 ¬∑ 12:30 AM UTC+2",48 attendees,No place left,https://www.meetup.com/new-york-augmented-reality/events/285487214
131,Sea of Tranquility by Emily St. John Mandel,"Group name:
Hugo and Nebula Award Winners Sci-fi Book Club Meetup ‚Ä¢ New York, NY","TUE, MAY 24 ¬∑ 1:00 AM UTC+2",30 attendees,No place left,https://www.meetup.com/Hugo-and-Nebula-Award-Winners-Sci-fi-Book-Club-Meetup/events/285521019
132,JerseyPress: What to Do When You Outgrow Your WordPress Hosting Company,"Group name:
Bergen County WordPress Meetup ‚Ä¢ Paramus, NJ","TUE, MAY 24 ¬∑ 1:00 AM UTC+2",5 attendees,No place left,https://www.meetup.com/Bergen-County-WordPress-Meetup/events/285719531
133,How to Make a Ridiculously Easy Second Income on Linkedin,"Group name:
The Nomadic Entrepreneur - New York ‚Ä¢ New York, NY","TUE, MAY 24 ¬∑ 2:00 AM UTC+2",240 attendees,No place left,https://www.meetup.com/the-nomadic-entrepreneur-new-york/events/285613825
134,Real Estate Morning Mixer,"Group name:
New York Real Estate Investing and Networking Group ‚Ä¢ New York, NY","TUE, MAY 24 ¬∑ 3:00 PM UTC+2",23 attendees,No place left,https://www.meetup.com/new-york-real-estate-investing-and-networking-group/events/285156054
135,RSVP to join Red Hat‚Äôs Matt Hicks & our RHEL experts for a special RHUG event.,"Group name:
New York Red Hat User Group ‚Ä¢ New York, NY","TUE, MAY 24 ¬∑ 4:00 PM UTC+2",14 attendees,No place left,https://www.meetup.com/NYRHUG-New-York-Red-Hat-Users-Group/events/285415669
136,Contributing to SciPy,"Group name:
Data Umbrella ‚Ä¢ New York, NY","TUE, MAY 24 ¬∑ 6:00 PM UTC+2",50 attendees,No place left,https://www.meetup.com/data-umbrella/events/285571437
137,How to Really Network (Practical Lessons from a Succesfull Networker),"Group name:
Accelerate Career Skills and Networking Bootcamps ‚Ä¢ New York, NY","TUE, MAY 24 ¬∑ 11:00 PM UTC+2",15 attendees,No place left,https://www.meetup.com/accelerate-career-skills-and-networking-bootcamps/events/285692564
138,NYVRAR Flagship Meetup- Understand VR/AR and The Metaverse,"Group name:
New York Virtual Reality VR and Augmented Reality AR ‚Ä¢ New York, NY","WED, MAY 25 ¬∑ 12:00 AM UTC+2",25 attendees,No place left,https://www.meetup.com/new-york-virtual-reality-vr-augmented-reality-ar/events/285710126
139,NYCBG Main Josie Woods Meetup,"Group name:
New York City Backgammon ‚Ä¢ New York, NY","WED, MAY 25 ¬∑ 12:00 AM UTC+2",34 attendees,No place left,https://www.meetup.com/nyc-bg/events/285638759
140,Azure Monitoring and Logging Best Practices - Presented by Scott Haglund,"Group name:
Microsoft Azure User Group - NYC ‚Ä¢ New York, NY","WED, MAY 25 ¬∑ 12:00 AM UTC+2",21 attendees,No place left,https://www.meetup.com/AzureNYC/events/285716031
141,AWS NYC Meetup - Protecting against ransomware attacks,"Group name:
AWS New York | Official Meetup ‚Ä¢ New York, NY","WED, MAY 25 ¬∑ 12:00 AM UTC+2",49 attendees,No place left,https://www.meetup.com/AWS-NYC/events/285855995
142,VIRTUAL | NYC FinOps May Meetup - FinOps as Career Path: Past and Future,"Group name:
New York City Cloud FinOps ‚Ä¢ New York, NY","WED, MAY 25 ¬∑ 1:00 AM UTC+2",42 attendees,No place left,https://www.meetup.com/New-York-City-Cloud-FinOps/events/281735721
143,Washington Square by Henry James,"Group name:
Quixotic Book Club of New York City ‚Ä¢ New York, NY","WED, MAY 25 ¬∑ 1:00 AM UTC+2",21 attendees,No place left,https://www.meetup.com/Quixotic-Book-Club-of-New-York-City/events/285398267
144,The Winter's Tale,"Group name:
Shakespeare Society ‚Ä¢ New York, NY","WED, MAY 25 ¬∑ 1:00 AM UTC+2",21 attendees,No place left,https://www.meetup.com/The-Shakespeare-Book-Club/events/284573878
145,*In Person* Practice and improve your public speaking skills!,"Group name:
Greenspeakers Toastmasters Club - Practice Public Speaking ‚Ä¢ New York, NY","WED, MAY 25 ¬∑ 1:00 AM UTC+2",24 attendees,No place left,https://www.meetup.com/greenspeakers/events/285443255
146,A Conversation with Caroline Le of Formerle Studio,"Group name:
Bergen County Motion Graphics Meetup ‚Ä¢ Rutherford, NJ","WED, MAY 25 ¬∑ 1:00 AM UTC+2",9 attendees,No place left,https://www.meetup.com/Bergen-County-Motion-Graphics-Meetup/events/285790355
147,Speak Art Series,"Group name:
Underground Skills Exchange - (USE) ‚Ä¢ New York, NY","WED, MAY 25 ¬∑ 1:30 AM UTC+2",1 attendee,No place left,https://www.meetup.com/underground-skills-exchange-use/events/285717300
148,Bookclub: God: A Human History by Reza Aslan,"Group name:
Leftist Book Club ‚Ä¢ New York, NY","WED, MAY 25 ¬∑ 2:00 AM UTC+2",11 attendees,4 spots left,https://www.meetup.com/leftistbooks/events/285695672
149,Blockchain Decentralized finance (DeFi) -MasterClass,"Group name:
New York Emerging Technology Meetup ‚Ä¢ New York, NY","WED, MAY 25 ¬∑ 4:00 PM UTC+2",45 attendees,10 spots left,https://www.meetup.com/new-york-emerging-technology-meetup/events/285590363
150,ESL Game: English on Your Feet!‚Ñ¢,"Group name:
Lingo Parlor: Speak English like you mean it! ‚Ä¢ New York, NY","WED, MAY 25 ¬∑ 8:00 PM UTC+2",30 attendees,No place left,https://www.meetup.com/lingoparlor/events/285705530
151,CUG Northeast. Camunda 8 in action,"Group name:
Camunda User Group Northeast, USA ‚Ä¢ New York, NY","WED, MAY 25 ¬∑ 10:00 PM UTC+2",10 attendees,No place left,https://www.meetup.com/Camunda-User-Group-New-York/events/285365364
152,25th May Entrepreneurs Happy Hour,"Group name:
NYC Entrepreneurs coworking ‚Ä¢ New York, NY","WED, MAY 25 ¬∑ 11:00 PM UTC+2",14 attendees,No place left,https://www.meetup.com/nyc-entrepreneurs-coworking/events/285842636
153,Community Kickoff Event,"Group name:
Work Reflection Community - Virtual ‚Ä¢ New York, NY","WED, MAY 25 ¬∑ 11:30 PM UTC+2",10 attendees,No place left,https://www.meetup.com/work-reflection-community/events/285842581
154,Learn how to stop inadvertently amplifying your painful emotions and sensations,"Group name:
Evidence-Based Self-Help for Mental Struggles - New York ‚Ä¢ New York, NY","THU, MAY 26 ¬∑ 12:00 AM UTC+2",75 attendees,No place left,https://www.meetup.com/evidence-based-self-help-for-mental-struggles-new-york/events/285567127
155,Business Over Fear,"Group name:
Young Entrepreneurs and Professionals Network ‚Ä¢ New York, NY","THU, MAY 26 ¬∑ 12:00 AM UTC+2",40 attendees,No place left,https://www.meetup.com/Network4Biz/events/283987916
156,May Meeting - The Motion of Light in Water,"Group name:
Gay Men‚Äôs Book Club (Brooklyn) ‚Ä¢ Brooklyn, NY","THU, MAY 26 ¬∑ 12:30 AM UTC+2",12 attendees,No place left,https://www.meetup.com/gay-men-s-book-club-brooklyn/events/285557486
157,Psychedelic Integration Circle at Carl Schurz,"Group name:
NYC Psychedelic Circle for Women of Color ‚Ä¢ New York, NY","THU, MAY 26 ¬∑ 12:30 AM UTC+2",4 attendees,No place left,https://www.meetup.com/nyc-psychedelic-circle-for-women-of-color/events/285676908
158,Befriend Your Anxiety,"Group name:
Befriending Your Anxiety ‚Ä¢ Brooklyn, NY","THU, MAY 26 ¬∑ 1:00 AM UTC+2",443 attendees,No place left,https://www.meetup.com/befriending-your-anxiety/events/284820494
159,Prosecuting the Attempted Coup,"Group name:
Sending Trump to Prison ‚Ä¢ New York, NY","THU, MAY 26 ¬∑ 1:00 AM UTC+2",21 attendees,No place left,https://www.meetup.com/why-life-imprison-trump/events/285151299
160,20somethings Creative Writing Zoom 'Sesh,"Group name:
20somethings Creative Writing Community ‚Ä¢ Astoria, NY","THU, MAY 26 ¬∑ 1:00 AM UTC+2",27 attendees,No place left,https://www.meetup.com/20somethings-creative-writing-community/events/285662297
161,The Aeneid by Virgil (Books 1-3; 79 pages),"Group name:
The Labyrinth ‚Ä¢ New York, NY","THU, MAY 26 ¬∑ 1:00 AM UTC+2",23 attendees,No place left,https://www.meetup.com/the-labyrinth/events/285271334
162,Monthly Book Meeting: (The Power of Now),"Group name:
Professional Muslim Women ‚Ä¢ North Brunswick, NJ","THU, MAY 26 ¬∑ 1:00 AM UTC+2",5 attendees,No place left,https://www.meetup.com/meetup-group-nawkkdrq/events/285396804
163,Monthly Discussion Group,"Group name:
Gabbing with Gays ‚Ä¢ New York, NY","THU, MAY 26 ¬∑ 1:30 AM UTC+2",7 attendees,No place left,https://www.meetup.com/gabbing-with-gays/events/285831512
164,World Wide Wednesdays Language Exchange Kickoff!!,"Group name:
World Wide Wednesdays ‚Ä¢ Brooklyn, NY","THU, MAY 26 ¬∑ 2:00 AM UTC+2",5 attendees,No place left,https://www.meetup.com/world-wide-wednesdays/events/285919125
165,PyMC Office Hours,"Group name:
PyMC Online Meetup ‚Ä¢ New York, NY","THU, MAY 26 ¬∑ 3:00 PM UTC+2",13 attendees,No place left,https://www.meetup.com/pymc-online-meetup/events/285640500
166,Business Framework Drill - Startups and Franchise models.,"Group name:
Business resources and events ‚Ä¢ New York, NY","FRI, MAY 27 ¬∑ 12:00 AM UTC+2",16 attendees,No place left,https://www.meetup.com/business-resources-and-events/events/285830246
167,Socratic Seminar 112,"Group name:
BitDevs NYC ‚Ä¢ New York, NY","FRI, MAY 27 ¬∑ 12:45 AM UTC+2",53 attendees,No place left,https://www.meetup.com/BitDevsNYC/events/285798842
168,XM Cloud ‚Äì A developer preview,"Group name:
NY Metro Sitecore User Group ‚Ä¢ New York, NY","FRI, MAY 27 ¬∑ 1:00 AM UTC+2",20 attendees,No place left,https://www.meetup.com/NY-Metro-Sitecore-User-Group/events/285797283
169,Natalie Boucheix solo concert,"Group name:
Brooklyn Accordion Club ‚Ä¢ Brooklyn, NY","FRI, MAY 27 ¬∑ 1:00 AM UTC+2",13 attendees,No place left,https://www.meetup.com/meetup-group-booosnyd/events/284679941
170,We're back! (again) - Bottoms Up: Home Sweet d.b.a.,"Group name:
Women Who Like Beer NYC ‚Ä¢ New York, NY","FRI, MAY 27 ¬∑ 1:00 AM UTC+2",15 attendees,No place left,https://www.meetup.com/Women-Who-Like-Beer-NYC/events/285825669
171,THE PUBLICITY BREAKTHROUGH BOOTCAMP! 3-DAY VIRTUAL EVENT,"Group name:
World Changers, Holistic Healers & Conscious Co-creators-NY ‚Ä¢ New York, NY","FRI, MAY 27 ¬∑ 1:00 AM UTC+2",12 attendees,No place left,https://www.meetup.com/WorldChangers-NewYork/events/284578825
172,The Rise and Fall of Comics,"Group name:
Comic Arts Workshop ‚Ä¢ New York, NY","FRI, MAY 27 ¬∑ 1:30 AM UTC+2",50 attendees,No place left,https://www.meetup.com/comicarts/events/284807035
173,Finding the Right Relationship for You,"Group name:
Secret to happiness and confidence ‚Ä¢ Astoria, NY","FRI, MAY 27 ¬∑ 2:00 AM UTC+2",16 attendees,No place left,https://www.meetup.com/secret-to-happiness-and-confidence/events/285704602
174,Hacker Nights May 2022,"Group name:
Hacker Nights ‚Ä¢ New York, NY","FRI, MAY 27 ¬∑ 2:00 AM UTC+2",11 attendees,No place left,https://www.meetup.com/hackernights/events/285011741
175,Brooklyn Bridge Sunset Photo Trek,"Group name:
NYC Photo Treks ‚Ä¢ New York, NY","SAT, MAY 28 ¬∑ 12:30 AM UTC+2",7 attendees,1 spot left,https://www.meetup.com/nyc-photo-treks/events/285780752
176,Let‚Äôs Start Running Again üòÉüèÉ‚Äç‚ôÄÔ∏èüåà (3 mile run),"Group name:
Lez Run ‚Ä¢ New York, NY","SAT, MAY 28 ¬∑ 4:00 PM UTC+2",11 attendees,No place left,https://www.meetup.com/meetup-group-nVFSATuP/events/285404715
177,NYC WOMENS BOOTCAMP N' BRUNCH: A weekly Outdoor HIIT Workout - All SUMMER 2022,"Group name:
Outdoor Total Body HIIT Workout ‚Ä¢ New York, NY","SAT, MAY 28 ¬∑ 4:30 PM UTC+2",4 attendees,No place left,https://www.meetup.com/https-www-instagram-com-steph-d-fit-hl-en/events/285611323
178,"Metaverse, Virtual Reality Tools and Techniques","Group name:
XR Learning and Storytelling ‚Ä¢ New York, NY","SAT, MAY 28 ¬∑ 7:00 PM UTC+2",15 attendees,No place left,https://www.meetup.com/xr-learning/events/285580601
179,The Battery in Black and White,"Group name:
RLP Urban Photographer's Meetup ‚Ä¢ Brooklyn, NY","SAT, MAY 28 ¬∑ 8:00 PM UTC+2",25 attendees,No place left,https://www.meetup.com/RLP-Urban-Photographers-Meetup/events/285666448
180,May Youtube & TikTok Creator Meetup,"Group name:
Youtube and TikTok New York Meetup Creator Group ‚Ä¢ New York, NY","SAT, MAY 28 ¬∑ 8:00 PM UTC+2",16 attendees,No place left,https://www.meetup.com/youtube-tiktok-new-york-meetup-creator-group/events/285637412
181,Bowling - Let's Have Fun!,"Group name:
Christian Singles Connect ‚Äî New York City ‚Ä¢ New York, NY","SAT, MAY 28 ¬∑ 10:00 PM UTC+2",5 attendees,No place left,https://www.meetup.com/christian-singles-connect-new-york-city/events/285294991
182,Knit by Night First Meetup!,"Group name:
Knit by Night ‚Ä¢ New York, NY","SUN, MAY 29 ¬∑ 12:00 AM UTC+2",25 attendees,No place left,https://www.meetup.com/knit-by-night/events/285765739
183,What's Your Story?,"Group name:
What's Your Story ‚Ä¢ New York, NY","SUN, MAY 29 ¬∑ 1:00 AM UTC+2",23 attendees,No place left,https://www.meetup.com/meetup-group-nejscyoo/events/285708611
184,Grand Army Plaza to Greenpoint Library 5 easy miles,"Group name:
Shorewalkers: Members Only Group ‚Ä¢ New York, NY","SUN, MAY 29 ¬∑ 5:00 PM UTC+2",92 attendees,No place left,https://www.meetup.com/shorewalkers-members-only/events/285813857
185,One Act Play Options - Decision Vote,"Group name:
Let's Put On A Play! ‚Ä¢ New York, NY","SUN, MAY 29 ¬∑ 6:00 PM UTC+2",5 attendees,No place left,https://www.meetup.com/lets-put-on-a-play/events/285543778
186,Good Eatz @ Smorgasburg Prospect Park,"Group name:
KINGZ: A Black Gay Collective ‚Ä¢ New York, NY","SUN, MAY 29 ¬∑ 7:00 PM UTC+2",14 attendees,No place left,https://www.meetup.com/KINGZ-A-Black-Gay-Collective/events/285200077
187,Opportunities for Artists,"Group name:
Artists In Business ‚Ä¢ New York, NY","MON, MAY 30 ¬∑ 2:00 AM UTC+2",24 attendees,No place left,https://www.meetup.com/Artists-In-Business/events/280541121
188,Electronic Music Showcase at Wonderville,"Group name:
Brooklyn Experimental/Electronic Music Meetup ‚Ä¢ Brooklyn, NY","TUE, MAY 31 ¬∑ 1:00 AM UTC+2",54 attendees,No place left,https://www.meetup.com/Brooklyn-Experimental-Electronic-Music-Meetup/events/284058887
189,Drunk Magician Magic Meetup! Any skill level or experience welcome!,"Group name:
Magicians of All Levels, Skill, and Interest ‚Ä¢ New York, NY","WED, JUN 1 ¬∑ 12:00 AM UTC+2",4 attendees,No place left,https://www.meetup.com/new-york-magicians-of-all-levels-and-interest/events/285155710
190,First Wednesdays at the Old Stone House,"Group name:
Brooklyn Traditional Slow Jam ‚Ä¢ Brooklyn, NY","THU, JUN 2 ¬∑ 12:15 AM UTC+2",13 attendees,No place left,https://www.meetup.com/Brooklyn-Traditional-Slow-Jam/events/285660273
191,Lady Susan by Jane Austen,"Group name:
Jane Austen Meetup- For Janeites and Newbies Alike! ‚Ä¢ New York, NY","FRI, JUN 3 ¬∑ 1:00 AM UTC+2",10 attendees,1 spot left,https://www.meetup.com/Downtown-Jane-Austen-Meetup-For-Austenites/events/283432867
192,Explore the MOMA on Free Friday Nights!,"Group name:
Let's Just Have Fun ‚Ä¢ New Rochelle, NY","FRI, JUN 3 ¬∑ 11:00 PM UTC+2",39 attendees,No place left,https://www.meetup.com/meetup-group-vrgvpdde/events/284250399
193,Hudson River Loop Walk,"Group name:
FreeWalkers ‚Ä¢ Morristown, NJ","SAT, JUN 4 ¬∑ 2:00 PM UTC+2",45 attendees,No place left,https://www.meetup.com/FreeWalkers/events/284461004
194,Around Manhattan Brunch cruise,"Group name:
Queens let's meet up Happy hour Fridays ‚Ä¢ Jamaica, NY","SUN, JUN 5 ¬∑ 4:00 PM UTC+2",5 attendees,2 spots left,https://www.meetup.com/queens-lets-meet-up-happy-hour-fridays/events/284884925
195,Picnic BYO Food and Bev,"Group name:
Brooklyn Women 30s and 40s ‚Ä¢ Brooklyn, NY","SUN, JUN 5 ¬∑ 6:00 PM UTC+2",20 attendees,No place left,https://www.meetup.com/Brooklyn-Women-30s-and-40s/events/285789454
196,Afternoon Tea‚òïÔ∏è at bluebird london,"Group name:
High Tea & Brunch For Interesting NYC Ladies (30-40s) ‚Ä¢ New York, NY","SUN, JUN 5 ¬∑ 7:00 PM UTC+2",8 attendees,No place left,https://www.meetup.com/high-tea-%EF%B8%8F-brunch-for-interesting-nyc-ladies-30-40s/events/285695437
197,"Small Group: First Time Vocalists Only ‚Äì Monday, 6/6 6pm [2.5 hours]","Group name:
New York Vocal Jazz Meetup Group ‚Ä¢ New York, NY","TUE, JUN 7 ¬∑ 12:00 AM UTC+2",4 attendees,5 spots left,https://www.meetup.com/New-York-Vocal-Jazz-Meetup-Group/events/285632006
198,"Book to be discussed: ""Tell Me How to Be"" by Neel Patel","Group name:
NYC Gay Guys' Book Club ‚Ä¢ New York, NY","WED, JUN 8 ¬∑ 12:30 AM UTC+2",60 attendees,No place left,https://www.meetup.com/NYC-Gay-Guys-Book-Club/events/283649733
199,Breaking Into the Digital Accessibility Profession,"Group name:
A11yNYC - Accessibility New York City ‚Ä¢ New York, NY","WED, JUN 8 ¬∑ 1:30 AM UTC+2",152 attendees,No place left,https://www.meetup.com/A11yNYC/events/285355915
